{"cameraMode":{"drawMode":0,"name":"Shaded","section":"Shading Mode"},"sceneLighting":true,"audioPlay":false,"sceneViewState":{"showFog":true,"showMaterialUpdate":false,"showSkybox":true,"showFlares":true,"showImageEffects":true,"showParticleSystems":true},"in2DMode":false,"pivot":{"x":-58.398372650146487,"y":45.290977478027347,"z":-116.81391906738281},"rotation":{"x":-0.2717025876045227,"y":0.495593398809433,"z":-0.16655409336090089,"w":-0.8081008195877075},"size":16.555715560913087,"orthographic":true}