{"cameraMode":{"drawMode":0,"name":"Shaded","section":"Shading Mode"},"sceneLighting":true,"audioPlay":false,"sceneViewState":{"showFog":true,"showMaterialUpdate":false,"showSkybox":true,"showFlares":true,"showImageEffects":true,"showParticleSystems":true},"in2DMode":false,"pivot":{"x":6.462581157684326,"y":3.4116697311401369,"z":-3.609485626220703},"rotation":{"x":0.0003233008901588619,"y":0.9986673593521118,"z":-0.05128629878163338,"w":0.006292007863521576},"size":10.0,"orthographic":false}