{"cameraMode":{"drawMode":0,"name":"Shaded","section":"Shading Mode"},"sceneLighting":true,"audioPlay":false,"sceneViewState":{"showFog":true,"showMaterialUpdate":false,"showSkybox":false,"showFlares":true,"showImageEffects":true,"showParticleSystems":true},"in2DMode":false,"pivot":{"x":0.0283203125,"y":0.510009765625,"z":-0.20794677734375},"rotation":{"x":0.12985633313655854,"y":-0.6785705089569092,"z":0.1236889436841011,"w":0.7123217582702637},"size":14.333641052246094,"orthographic":true}