{"cameraMode":{"drawMode":0,"name":"Shaded","section":"Shading Mode"},"sceneLighting":false,"audioPlay":false,"sceneViewState":{"showFog":true,"showMaterialUpdate":false,"showSkybox":false,"showFlares":true,"showImageEffects":true,"showParticleSystems":true},"in2DMode":false,"pivot":{"x":10.669178009033204,"y":8.263534545898438,"z":-20.892051696777345},"rotation":{"x":0.24934744834899903,"y":-0.04738462716341019,"z":0.012201661244034768,"w":0.9671955704689026},"size":2.917987108230591,"orthographic":true}