{"cameraMode":{"drawMode":0,"name":"Shaded","section":"Shading Mode"},"sceneLighting":true,"audioPlay":false,"sceneViewState":{"showFog":true,"showMaterialUpdate":false,"showSkybox":true,"showFlares":true,"showImageEffects":true,"showParticleSystems":true},"in2DMode":false,"pivot":{"x":0.928251326084137,"y":0.07783961296081543,"z":0.07623481750488281},"rotation":{"x":-0.1393490880727768,"y":0.009503212757408619,"z":-0.0013351370580494404,"w":-0.9902037382125855},"size":8.486438751220704,"orthographic":false}