{"cameraMode":{"drawMode":0,"name":"Shaded","section":"Shading Mode"},"sceneLighting":true,"audioPlay":false,"sceneViewState":{"showFog":true,"showMaterialUpdate":false,"showSkybox":true,"showFlares":true,"showImageEffects":true,"showParticleSystems":true},"in2DMode":false,"pivot":{"x":-0.013645783998072148,"y":0.5215190052986145,"z":0.11900243908166886},"rotation":{"x":-0.11232169717550278,"y":0.06612508744001389,"z":-0.007489048410207033,"w":-0.9914466142654419},"size":18.228252410888673,"orthographic":false}