{"cameraMode":{"drawMode":0,"name":"Shaded","section":"Shading Mode"},"sceneLighting":false,"audioPlay":false,"sceneViewState":{"showFog":true,"showMaterialUpdate":false,"showSkybox":false,"showFlares":true,"showImageEffects":true,"showParticleSystems":true},"in2DMode":false,"pivot":{"x":-19.961999893188478,"y":8.149591445922852,"z":-62.39173889160156},"rotation":{"x":0.09829168021678925,"y":-0.21457062661647798,"z":0.021645905449986459,"w":0.9715847373008728},"size":9.492311477661133,"orthographic":true}