{"cameraMode":{"drawMode":0,"name":"Shaded","section":"Shading Mode"},"sceneLighting":false,"audioPlay":false,"sceneViewState":{"showFog":true,"showMaterialUpdate":false,"showSkybox":false,"showFlares":true,"showImageEffects":true,"showParticleSystems":true},"in2DMode":false,"pivot":{"x":0.7311503887176514,"y":8.777473449707032,"z":-47.77836608886719},"rotation":{"x":0.22062616050243379,"y":-0.38994643092155459,"z":0.09678229689598084,"w":0.8887826800346375},"size":8.453131675720215,"orthographic":true}