{"cameraMode":{"drawMode":0,"name":"Shaded","section":"Shading Mode"},"sceneLighting":false,"audioPlay":false,"sceneViewState":{"showFog":true,"showMaterialUpdate":false,"showSkybox":false,"showFlares":true,"showImageEffects":true,"showParticleSystems":true},"in2DMode":false,"pivot":{"x":7.3340959548950199,"y":7.251999855041504,"z":-16.362760543823243},"rotation":{"x":0.25535181164741518,"y":-0.10599257051944733,"z":0.028215233236551286,"w":0.9606426954269409},"size":9.47852897644043,"orthographic":true}