{"cameraMode":{"drawMode":0,"name":"Shaded","section":"Shading Mode"},"sceneLighting":false,"audioPlay":false,"sceneViewState":{"showFog":true,"showMaterialUpdate":false,"showSkybox":false,"showFlares":true,"showImageEffects":true,"showParticleSystems":true},"in2DMode":false,"pivot":{"x":-37.591552734375,"y":43.064849853515628,"z":-88.37017822265625},"rotation":{"x":-0.17074930667877198,"y":-0.17234554886817933,"z":0.030455416068434717,"w":-0.9697309136390686},"size":11.422014236450196,"orthographic":true}