{"cameraMode":{"drawMode":0,"name":"Shaded","section":"Shading Mode"},"sceneLighting":false,"audioPlay":false,"sceneViewState":{"showFog":true,"showMaterialUpdate":false,"showSkybox":false,"showFlares":true,"showImageEffects":true,"showParticleSystems":true},"in2DMode":false,"pivot":{"x":0.0015455558896064759,"y":0.764684796333313,"z":-0.8396667838096619},"rotation":{"x":-0.04526596516370773,"y":-0.03536007180809975,"z":0.0016030831029638649,"w":-0.9983512759208679},"size":0.39668694138526919,"orthographic":false}