{"cameraMode":{"drawMode":0,"name":"Shaded","section":"Shading Mode"},"sceneLighting":false,"audioPlay":false,"sceneViewState":{"showFog":true,"showMaterialUpdate":false,"showSkybox":false,"showFlares":true,"showImageEffects":true,"showParticleSystems":true},"in2DMode":false,"pivot":{"x":-26.84600067138672,"y":15.664999961853028,"z":-73.9287109375},"rotation":{"x":0.11173783242702484,"y":-0.12177868187427521,"z":0.013738696463406086,"w":0.9862259030342102},"size":9.478530883789063,"orthographic":true}