{"cameraMode":{"drawMode":0,"name":"Shaded","section":"Shading Mode"},"sceneLighting":false,"audioPlay":false,"sceneViewState":{"showFog":true,"showMaterialUpdate":false,"showSkybox":false,"showFlares":true,"showImageEffects":true,"showParticleSystems":true},"in2DMode":false,"pivot":{"x":3.2127685546875,"y":0.64599609375,"z":-0.1392364501953125},"rotation":{"x":-0.03268279507756233,"y":0.008915120735764504,"z":0.00029845614335499704,"w":0.9994373917579651},"size":1.3895320892333985,"orthographic":true}