{"cameraMode":{"drawMode":0,"name":"Shaded","section":"Shading Mode"},"sceneLighting":false,"audioPlay":false,"sceneViewState":{"showFog":true,"showMaterialUpdate":false,"showSkybox":false,"showFlares":true,"showImageEffects":true,"showParticleSystems":true},"in2DMode":false,"pivot":{"x":-0.01749420166015625,"y":1.322021484375,"z":-2.1669921875},"rotation":{"x":0.012309827841818333,"y":0.0005510596674866974,"z":-0.000012469366083678324,"w":0.9999414086341858},"size":4.86990213394165,"orthographic":true}